,Count,User Id,Name,Gender
0,294,80,Tegan,F
1,236,49,Chloe,F
2,118,15,Lily,F
3,112,29,Jacqueline,F
4,102,88,Mohammad,M
5,86,36,Matthew,M
6,84,97,Kate,F
7,77,24,Layla,F
8,62,16,Rylan,M
9,59,44,Aleena,F
10,53,73,Jacob,M
11,48,85,Kinsley,F
12,45,95,Sara,F
13,29,25,Jayden,M
14,28,30,Avery,F
15,27,10,Sylvie,F
16,23,58,Emily,F
17,14,26,Ryan,M
18,14,50,Ava,F
19,14,72,Hayden,F
20,13,42,Harper,M
21,12,82,Avery,F
22,12,66,Kevin,M
23,7,12,Austin,M
24,6,32,Lily,F
25,6,101,Jayden,M
26,5,65,Amiya,F
27,5,60,Devin,M
28,5,52,Theodore,M
29,5,92,Ryann,F
30,4,86,Aiden,M
31,4,70,Jaleah,F
32,4,37,Jordan,F
33,4,78,Chloe,F
34,3,8,Kaylee,F
35,3,63,Ayla,F
36,3,53,Celeste,F
37,2,91,Jayden,M
38,2,69,Anabelle,F
39,2,100,Adler,M
40,2,14,Theodore,M
41,2,43,Jahiem,M
42,2,6,Cecilia,F
43,2,54,Kaleb,M
44,2,35,Molly,F
45,2,33,Bronson,M
46,2,76,Jayden,F
47,2,81,Sienna,F
48,2,83,Stefany,F
49,2,67,Colm,M
50,2,40,Tucker,M
51,2,2,Jizelle,F
52,2,23,Morris,M
53,2,89,Kynnedi,F
54,1,11,Christian,F
55,1,28,Brantley,M
56,1,98,Jordyn,F
57,1,62,Connar,M
58,1,90,Andrea,F
59,1,94,Noah,M
60,1,34,Evelin,F
61,1,13,Ava,F
62,1,55,Martin,M
63,1,57,Katherine,F
64,1,71,Ayleen,F
65,1,75,Joseph,M
66,1,61,Samuel,M
